StartDate,EndDate,Status,IPAddress,Progress,Duration (in seconds),Finished,RecordedDate,ResponseId,RecipientLastName,RecipientFirstName,RecipientEmail,ExternalReference,LocationLatitude,LocationLongitude,DistributionChannel,UserLanguage,Introduction,i,metamask feedback,metamask address,mining feedback,wallet screenshot_Id,wallet screenshot_Name,wallet screenshot_Size,wallet screenshot_Type,info_2,info_4,info_5,conf. creating auct,conf. auction page,verification_1_1,verification_1_2,verification_2_1,verification_2_2,verification_3_1,verification_3_2,platform difficulty,thank you,PROLIFIC_PID
Start Date,End Date,Response Type,IP Address,Progress,Duration (in seconds),Finished,Recorded Date,Response ID,Recipient Last Name,Recipient First Name,Recipient Email,External Data Reference,Location Latitude,Location Longitude,Distribution Channel,User Language,"Dear participant, This survey aims to test how consumers use digital wallets and how comfortable they feel when using cryptocurrency.  The survey should take approximately 30 minutes to complete.  We will ask you to: 1. Watch a video and follow the instructions to install a cryptocurrency wallet browser extension and create a digital wallet. This wallet will used for testing only, no real money is involved. 2. Watch a video and follow the instructions to mine pseudo-cryptocurrency into your digital wallet. 3. Watch a video and follow the instructions for using the data qualtrics marketplace platform. 4. Create an online auction for your information.  Important: This survey is completely anonymous and will not record any of your personal information. In no way we will ask or receive access to your personal details or digital assets. You may choose to exit the experiment whenever you wish.",What is your Prolific ID?    Please note that this response should auto-fill with the correct ID,How difficult was it to follow this tutorial?,"Please enter your MetaMask wallet address so we can know you completed the task successfully.    You can copy your wallet address from your MetaMask extension by clicking on it, as seen in the image above.",How difficult was it to follow this tutorial?,Please upload a screenshot of your MetaMask wallet after mining 0.5 Sepolia Ether so we can verify your completion of this task. Important - we cannot gain access to personal information or digital assets. - Id,Please upload a screenshot of your MetaMask wallet after mining 0.5 Sepolia Ether so we can verify your completion of this task. Important - we cannot gain access to personal information or digital assets. - Name,Please upload a screenshot of your MetaMask wallet after mining 0.5 Sepolia Ether so we can verify your completion of this task. Important - we cannot gain access to personal information or digital assets. - Size,Please upload a screenshot of your MetaMask wallet after mining 0.5 Sepolia Ether so we can verify your completion of this task. Important - we cannot gain access to personal information or digital assets. - Type,Part 3 - Participating in the Data Marketplace Please fill in the following three types of information about yourself. Remember these information items! These will be the data qualtrics you will later put for auction. Your responses should be candid and personal. - Hobby,Part 3 - Participating in the Data Marketplace Please fill in the following three types of information about yourself. Remember these information items! These will be the data qualtrics you will later put for auction. Your responses should be candid and personal. - Preferred Social Media Platform,Part 3 - Participating in the Data Marketplace Please fill in the following three types of information about yourself. Remember these information items! These will be the data qualtrics you will later put for auction. Your responses should be candid and personal. - Number of Followers/Connections on Preferred Platform,What information are you not requested to enter when creating an auction?,What information does not appear on the auction page?,"Please enter the addresses of your auctions and their minimum bid amount after creation, so we can verify your completion of this task.  Important - you are the only one with access to the data qualtrics. We do not have access to any personal information or digital assets.    You can copy the address of your auction from the main auctions page, as seen in the image above. - Hobby - Address of auction","Please enter the addresses of your auctions and their minimum bid amount after creation, so we can verify your completion of this task.  Important - you are the only one with access to the data qualtrics. We do not have access to any personal information or digital assets.    You can copy the address of your auction from the main auctions page, as seen in the image above. - Hobby - Minimum bid amount","Please enter the addresses of your auctions and their minimum bid amount after creation, so we can verify your completion of this task.  Important - you are the only one with access to the data qualtrics. We do not have access to any personal information or digital assets.    You can copy the address of your auction from the main auctions page, as seen in the image above. - Preferred social media platform - Address of auction","Please enter the addresses of your auctions and their minimum bid amount after creation, so we can verify your completion of this task.  Important - you are the only one with access to the data qualtrics. We do not have access to any personal information or digital assets.    You can copy the address of your auction from the main auctions page, as seen in the image above. - Preferred social media platform - Minimum bid amount","Please enter the addresses of your auctions and their minimum bid amount after creation, so we can verify your completion of this task.  Important - you are the only one with access to the data qualtrics. We do not have access to any personal information or digital assets.    You can copy the address of your auction from the main auctions page, as seen in the image above. - Number of connections/followers - Address of auction","Please enter the addresses of your auctions and their minimum bid amount after creation, so we can verify your completion of this task.  Important - you are the only one with access to the data qualtrics. We do not have access to any personal information or digital assets.    You can copy the address of your auction from the main auctions page, as seen in the image above. - Number of connections/followers - Minimum bid amount",How difficult was it to use the bidding platform?,"Thank you for taking part in this study. Please click the button below to be redirected back to Prolific and register your submission.  This survey is the first of a two-stage survey. In approximately 48 hours, you will be invited to participate in the second stage where your bonus payment will be determined.",PROLIFIC_PID
"{""ImportId"":""startDate"",""timeZone"":""America/Denver""}","{""ImportId"":""endDate"",""timeZone"":""America/Denver""}","{""ImportId"":""status""}","{""ImportId"":""ipAddress""}","{""ImportId"":""progress""}","{""ImportId"":""duration""}","{""ImportId"":""finished""}","{""ImportId"":""recordedDate"",""timeZone"":""America/Denver""}","{""ImportId"":""_recordId""}","{""ImportId"":""recipientLastName""}","{""ImportId"":""recipientFirstName""}","{""ImportId"":""recipientEmail""}","{""ImportId"":""externalDataReference""}","{""ImportId"":""locationLatitude""}","{""ImportId"":""locationLongitude""}","{""ImportId"":""distributionChannel""}","{""ImportId"":""userLanguage""}","{""ImportId"":""QID2""}","{""ImportId"":""QID42_TEXT""}","{""ImportId"":""QID35""}","{""ImportId"":""QID33_TEXT""}","{""ImportId"":""QID37""}","{""ImportId"":""QID38_FILE_ID""}","{""ImportId"":""QID38_FILE_NAME""}","{""ImportId"":""QID38_FILE_SIZE""}","{""ImportId"":""QID38_FILE_TYPE""}","{""ImportId"":""QID44_2""}","{""ImportId"":""QID44_4""}","{""ImportId"":""QID44_5""}","{""ImportId"":""QID47""}","{""ImportId"":""QID48""}","{""ImportId"":""QID50_1_1""}","{""ImportId"":""QID50_1_2""}","{""ImportId"":""QID50_2_1""}","{""ImportId"":""QID50_2_2""}","{""ImportId"":""QID50_3_1""}","{""ImportId"":""QID50_3_2""}","{""ImportId"":""QID51""}","{""ImportId"":""QID52""}","{""ImportId"":""PROLIFIC_PID""}"
2023-12-17 09:13:52,2023-12-17 10:57:55,0,143.59.217.184,100,6243,1,2023-12-17 10:57:56,R_1uj5UWYDc7Hp2ZH,,,,,27.947,-82.7943,anonymous,EN,4,5d453e8723a5bb0001492546,1,0x2C2d24436dC58ee4362fE2dF6796Da6f5db0A7Dc,2,F_2ZQ9cqpMttDmAFb,metamaskbalance.png,7018,image/png,tinkering on the world wide web,IRC snoonet,19,1,1,0x08BAd149AE315D4c80b49Cb0Ae4c05cC6E4019f0,333,0xD6873620897ed61936388E10C983c6148971A61e,333,0xa7C23d97305beDca21BC036580Eb93109F674FA3,69,8,1,5d453e8723a5bb0001492546
2023-12-18 05:43:38,2023-12-18 06:33:22,0,72.80.78.129,100,2983,1,2023-12-18 06:33:24,R_6Icmuv2GypbVHLU,,,,,40.6586,-73.6026,anonymous,EN,4,657b59248a79c8ddd6a2c826,1,0xDfAa2C586296Abb60cD19927284De099215782C2,1,F_ZIzUSdLcxZHfIkx,Screenshot (85).png,2097642,image/png,Gaming,Reddit,0,1,2,0x046A89385De3Dd0Ee16158AE404Aec7Ea22E2845,5,0xe32C77b43F66560A67058267439a84960378c80c,5,0xD6BF40c6A3e47452bBc9d0cE2B266c72f8fE74c9,10,6,1,657b59248a79c8ddd6a2c826
2023-12-18 07:01:43,2023-12-18 08:15:08,0,172.15.208.246,100,4404,1,2023-12-18 08:15:09,R_7KYKZFYgRxMdYvh,,,,,33.1955,-117.2862,anonymous,EN,4,656c8e0fdcacc13a8f17c968,1,0x22Cbd2430FE3cf9ee58241daa1Fa9527eCa847D9,1,F_6mSFQE3AMStHC93,Capture.PNG,313517,image/png,Surfing the Internet,Instagram,2000+,1,2,0x73F414b40Ac69821030ADb70e61eaA141dB59D05,1,0x6C4b59cE7e7e886b2Cd38067D8108B84e18A3606,1,0x095Ef025F20Ea5dc5c2FaD55DA536a732cc045cD,1,8,1,656c8e0fdcacc13a8f17c968
2023-12-18 08:05:40,2023-12-18 08:50:12,0,73.124.75.15,100,2672,1,2023-12-18 08:50:13,R_6g07GpiJJZbTDnX,,,,,25.7011,-80.4158,anonymous,EN,4,5f1091aa4bd173363a9700ec,1,0x2fB3B130f1b56a3b01f00E3E5779dCF393CE7F80,1,F_2zZT0AgSB5ZFGEL,2.jpg,22171,image/jpeg,Gamer,Instagram,500,1,2,"0xb62dc80D4ebF7625751d06eBACb3D2b0666A89AE	",10,instagram,gamer,500,male,8,1,5f1091aa4bd173363a9700ec
2023-12-18 11:57:51,2023-12-18 12:24:09,0,68.54.247.21,100,1577,1,2023-12-18 12:24:10,R_1Gl6ocYAoaUnxqF,,,,,43.0127,-85.722,anonymous,EN,4,5cfe852ea1b83900013cb4f2,1,0xA1952fB2Bd773e3d779619bbEeb2121cd00fFb0a,3,F_2y74uxkXyXXdQEu,Screenshot from 2023-12-18 14-11-27.png,53004,image/png,Video Games,Reddit/ youtube,0,1,2,0x71E4825412700b83552ef900552dC3E94B781608,40,0x43Bb0f34D4A6C57A5E68351775c30fC7E53a6160,40,0xbe57A3dAF328cD56700822BA4Ae3bf1d02E7208b,40,8,1,5cfe852ea1b83900013cb4f2
2023-12-18 14:21:32,2023-12-18 14:36:41,0,99.8.109.220,100,908,1,2023-12-18 14:36:44,R_1NvJBnYjQtnxv7b,,,,,38.8113,-121.2643,anonymous,EN,4,5f5e32a0d6a12c6857b8e127,1,0x0579cA12B336364833e7255700ECbBe3b5E87F67,2,F_21uf9AwUiLyGhHK,Screenshot 2023-12-18 at 1.26.41 PM.png,909866,image/png,Running,Instagram,670,1,2,0x1D986fC4c19363a8Ac77a25cF2Fa5f70701C1569,500,0xAaFBdA303eC7b79f4B3dA9Fc4a1a59D1efE7E18b,500,0xb1e1CDb447490cdBC54dBCCA0514Db8686d52b23,500,7,1,
2023-12-17 03:16:33,2023-12-17 03:16:58,0,166.199.170.17,11,25,0,2023-12-24 03:17:03,R_62P0VavceGFfa9X,,,,,,,anonymous,EN,4,6500618688be4a1973b62f3e,,,,,,,,,,,,,,,,,,,,,6500618688be4a1973b62f3e
2023-12-17 03:32:20,2023-12-17 04:18:57,0,191.101.174.152,29,2796,0,2023-12-24 04:18:59,R_5lD3hm5QnIucbrb,,,,,,,anonymous,EN,4,656a6ee2fece42bdf70ab971,2,0x90aeE11460E2CAe936A405434dAE16ab4342c1C1,,,,,,,,,,,,,,,,,,,656a6ee2fece42bdf70ab971
2023-12-17 04:17:30,2023-12-17 04:44:17,0,107.145.240.193,53,1606,0,2023-12-24 04:44:18,R_1E0MAedNZVH6MnZ,,,,,,,anonymous,EN,4,5c43517c8fefb60001c447fe,1,0x289F383AB56326dF26A285b04b0926A7504C115f,2,F_1gkgWKPszoLx7d7,Screenshot 2023-12-17 063528.png,189138,image/png,reading,reddit,100,,,,,,,,,,,5c43517c8fefb60001c447fe
2023-12-17 04:12:52,2023-12-17 05:55:46,0,172.56.240.102,53,6174,0,2023-12-24 05:55:50,R_7OUHs0tZZsoZ1xn,,,,,,,anonymous,EN,4,6558cb388da3c8bd4a1ca7b9,2,0x4F22D3C1E22a87a29f808cf2AD9dcB37267350Fa,4,F_10Z5ysltJGCD2FG,Screenshot 2023-12-17 070022.png,31962,image/png,reading,Whatsapp,none,,,,,,,,,,,6558cb388da3c8bd4a1ca7b9
2023-12-17 03:58:57,2023-12-17 05:56:29,0,172.56.240.102,12,7051,0,2023-12-24 05:56:35,R_7P0gM7h274UNlpC,,,,,,,anonymous,EN,4,6558cb388da3c8bd4a1ca7b9,,,,,,,,,,,,,,,,,,,,,6558cb388da3c8bd4a1ca7b9
2023-12-17 04:16:23,2023-12-17 06:00:44,0,108.52.62.245,53,6260,0,2023-12-24 06:00:48,R_5RsaAyQWvPMF6rD,,,,,,,anonymous,EN,4,65796276d7f3ccf23a3b89a0,1,0x769ce1F6747b1EB3a73828995cB6F272fcC8Abd7,1,F_3spgwGC5iRBqHei,meta mask screenshot.jpg,110775,image/jpeg,reading,twitter,256,,,,,,,,,,,65796276d7f3ccf23a3b89a0
2023-12-17 05:48:59,2023-12-17 06:04:42,0,73.148.2.203,29,942,0,2023-12-24 06:04:48,R_1XRbvtTPbDgWHy9,,,,,,,anonymous,EN,4,6570afab66c1d1477516d7a0,1,0xC3332b4E05d25b289d162aBB23aBbeA0426C817d,,,,,,,,,,,,,,,,,,,6570afab66c1d1477516d7a0
2023-12-17 03:54:50,2023-12-17 06:10:23,0,172.58.255.192,29,8132,0,2023-12-24 06:10:23,R_6KNM4IcG3oEYIfe,,,,,,,anonymous,EN,4,6559a1931dcc39ed7fe0cc81,3,0x8acEE51101cdf7eA346C84Cd285129592De3EA2D,,,,,,,,,,,,,,,,,,,6559a1931dcc39ed7fe0cc81
2023-12-17 06:03:33,2023-12-17 06:19:07,0,24.163.25.212,53,934,0,2023-12-24 06:19:09,R_131S1hO1oSObUl3,,,,,,,anonymous,EN,4,606604f1ca47696cf97529c0,1,0xd682cfeEbf2eE00F05DEc3a373aA68c0B3103bB4,1,F_2viZIgg7qRZlENB,metamaskbalance.jpg,145171,image/jpeg,gaming,youtube,50,,,,,,,,,,,606604f1ca47696cf97529c0
2023-12-17 05:29:27,2023-12-17 07:00:26,0,172.58.209.244,53,5459,0,2023-12-24 07:00:28,R_7jBcsHJwR4kfHgU,,,,,,,anonymous,EN,4,5e1efdb3a8c111230db526ff,2,0x2dBbCcA940A64BcEcD349a553F6Be3C0BbF878F2,2,F_2velTZTRB0P1Cby,Screenshot 2023-12-17 at 5.36.08 AM.png,96012,image/png,fantasy sports,facebook,25,,,,,,,,,,,5e1efdb3a8c111230db526ff
2023-12-17 07:00:15,2023-12-17 07:00:53,0,141.158.44.222,12,37,0,2023-12-24 07:00:54,R_31Z4t7GqdEAYdBU,,,,,,,anonymous,EN,4,5f16f559325a640008bb9a07,,,,,,,,,,,,,,,,,,,,,5f16f559325a640008bb9a07
2023-12-17 08:21:29,2023-12-17 08:24:53,0,24.165.129.90,53,203,0,2023-12-24 08:24:59,R_3AsymwswmdqMpBD,,,,,,,anonymous,EN,4,5e51fbbc31127d237d48c881,1,0x3f2bF2FDbc927Df5326B2373e8b8a73cc6e04B96,3,F_2WPe6HcmJWSwVKK,Screenshot 2023-12-17 100205.png,5854033,image/png,learning new things,facebook,249,,,,,,,,,,,5e51fbbc31127d237d48c881
2023-12-17 07:01:47,2023-12-17 08:26:19,0,24.165.129.90,53,5072,0,2023-12-24 08:26:26,R_1V2DrjLbAXzyunT,,,,,,,anonymous,EN,4,5e51fbbc31127d237d48c881,1,0x3f2bF2FDbc927Df5326B2373e8b8a73cc6e04B96,3,F_2AF1UpG4EbdA7Pa,Screenshot 2023-12-17 100205.png,5854033,image/png,learning new things,facebook,249,,,,,,,,,,,5e51fbbc31127d237d48c881
2023-12-17 08:28:43,2023-12-17 09:01:21,0,71.58.152.150,53,1958,0,2023-12-24 09:01:23,R_15sFCgaGDtu5FB3,,,,,,,anonymous,EN,4,633599d83df1823b08ae2e61,2,0x4c561A08B4FC1F89Eec3A553D60B17973378F2df,2,F_2afUjmfE3dwhyvl,Screenshot 2023-12-17 103827.png,28699,image/png,martial arts,fb,1000,,,,,,,,,,,633599d83df1823b08ae2e61
2023-12-18 05:34:26,2023-12-18 05:38:45,0,67.167.221.25,29,258,0,2023-12-25 05:38:46,R_3WS8qSejckNjQWp,,,,,,,anonymous,EN,4,60fca4c84ad74bf37623dba9,1,0x39431B5B82731d0245bb5986b583e2fe1aB68139,,,,,,,,,,,,,,,,,,,60fca4c84ad74bf37623dba9
2023-12-18 05:48:29,2023-12-18 06:20:06,0,72.105.128.54,12,1897,0,2023-12-25 06:20:08,R_60MXhjpc8DqkpF3,,,,,,,anonymous,EN,4,655a89b3b4e07db3db4e3cac,,,,,,,,,,,,,,,,,,,,,655a89b3b4e07db3db4e3cac
2023-12-18 06:06:43,2023-12-18 06:58:22,0,172.59.209.101,12,3098,0,2023-12-25 06:58:24,R_5DhHkIFlh8Nl8O9,,,,,,,anonymous,EN,4,6564c05800e8eb6fcd19863e,,,,,,,,,,,,,,,,,,,,,6564c05800e8eb6fcd19863e
2023-12-18 07:15:32,2023-12-18 08:03:24,0,68.50.170.36,53,2871,0,2023-12-25 08:03:29,R_7nZNc5Gp8EbC33H,,,,,,,anonymous,EN,4,653a6c9993fd234b59fd341f,2,0x4b8AeE035d413251410560c3f5A640A9BA2990ed,2,F_2WUNEit96VCexDH,Screen Shot 2023-12-18 at 10.00.55 AM.png,85387,image/png,WRITING,Instagram,15k,,,,,,,,,,,653a6c9993fd234b59fd341f
2023-12-18 08:03:16,2023-12-18 08:04:26,0,170.205.170.188,12,70,0,2023-12-25 08:04:33,R_780Qed4rGmipxTj,,,,,,,anonymous,EN,4,644e44af7a8a169a3a8ffd52,,,,,,,,,,,,,,,,,,,,,644e44af7a8a169a3a8ffd52
2023-12-18 12:23:16,2023-12-18 13:39:25,0,172.58.209.211,53,4568,0,2023-12-25 13:39:28,R_5ROjsbMHe5PgoDf,,,,,,,anonymous,EN,4,5e1efdb3a8c111230db526ff,2,0x73c5c8714627a94442EC66715F5706f82c47aC2b,2,F_3J1NVPJ8BchjCYB,Screenshot 2023-12-18 at 11.56.52 AM.png,102139,image/png,Fantasy Sports,Facebook,25,,,,,,,,,,,
2023-12-17 07:30:16,2023-12-18 13:56:28,0,99.8.109.220,53,109571,0,2023-12-25 13:56:29,R_3oB0ctAIUjvDTzy,,,,,,,anonymous,EN,4,5f5e32a0d6a12c6857b8e127,1,0x0579cA12B336364833e7255700ECbBe3b5E87F67,2,F_3oXgCiTTQBWMX70,Screenshot 2023-12-17 at 7.09.10 AM.png,316570,image/png,Running,Instagram,670,,,,,,,,,,,5f5e32a0d6a12c6857b8e127
2023-12-26 05:16:55,2023-12-26 05:51:07,0,97.113.73.108,100,2051,1,2023-12-26 05:51:08,R_6kbSQGUMlYaVMxH,,,,,47.5415,-122.393,anonymous,EN,4,6382fb718ed7d5c007f7e0a8,1,0x43D47f93bAc6470Dd96b2Ac3F6c1029B65C28803,2,F_25GwZLE0y9TR61o,Screen Shot 2023-12-26 at 4.35.21 AM.png,615266,image/png,Video Games,Instagram,2980,1,2,0xee929FeaCed866988E9d7544c9Aa26010dd06a21,200,0x410536A115345baDA3C8105A30798577eB67c2dF,300,0xAa48cc633cAE67B5522C2b18962DF59A953c4F3D,50,7,4,6382fb718ed7d5c007f7e0a8
2023-12-26 05:24:57,2023-12-26 06:33:38,0,174.195.32.163,100,4120,1,2023-12-26 06:33:39,R_79dj05cbPMFAb8B,,,,,33.8229,-84.3535,anonymous,EN,4,653a86ac6a28cd3f50937889,1,0xC8D50F64d0a90ad47D9F684e07E7652cec1c50B3,1,F_bwkdV1uSNK5P19n,Screenshot 2023-12-26 7.51.13 AM.png,46375,image/png,shopping,Facebook,1000,1,2,0x95Ae3F84c206b969bD8b8D07E20344073a7C3cf5,100,0x95Ae3F84c206b969bD8b8D07E20344073a7C3cf5,200,0x95Ae3F84c206b969bD8b8D07E20344073a7C3cf5,300,6,4,653a86ac6a28cd3f50937889
2023-12-26 06:06:47,2023-12-26 06:43:03,0,72.178.31.76,100,2175,1,2023-12-26 06:43:04,R_5F5wktnIU3cKbaU,,,,,31.8045,-105.9661,anonymous,EN,4,6543aec14ce01c55783a47b0,1,0x7BCfadD4941C6FB85C2166840e4d7168A68aC568,2,F_2wNzwpGszCbsLeX,Screenshot 2023-12-26 061445.png,25410,image/png,gambling,twitter,6,1,2,0x743d9F428b1Cf0c3081DA26b7C9dCA209b410B77,150,0xb78e7222D4D0e5E47fd8Fe83C8A77b03AC8607f6,150,0x83a68859B02d1AfF0d864D65a1Bf2957143F1185,150,9,4,6543aec14ce01c55783a47b0
2023-12-26 05:45:00,2023-12-26 07:02:05,0,172.58.241.22,100,4625,1,2023-12-26 07:02:07,R_3pDlKRlwzosl6lJ,,,,,38.9522,-77.0253,anonymous,EN,4,6558f5cd0b526b963e4e5a90,2,0x7664E53C74b3BEced08710d2617761D6A09eA4af,4,F_3PMFCMRCEYdMAb0,Screenshot 2023-12-26 083151.jpg,48200,image/jpeg,reading,instagram,200,1,2,0x7664E53C74b3BEced08710d2617761D6A09eA4af,500,0x7664E53C74b3BEced08710d2617761D6A09eA4af,500,0x7664E53C74b3BEced08710d2617761D6A09eA4af,500,8,4,6558f5cd0b526b963e4e5a90
2023-12-26 06:58:47,2023-12-26 07:27:39,0,71.199.211.42,100,1732,1,2023-12-26 07:27:40,R_6iUuULJE2H2hSEZ,,,,,25.8117,-80.2067,anonymous,EN,4,64d9018822e7e4b15221223b,1,0x6b214907CFF15604B8Ea4f3424bbEc8F1d2b3e37,1,F_1retEjRa7UzGd2t,Screenshot 2023-12-26 061305.png,46850,image/png,"Cycling, running, golfing",Instagram,7900,1,2,Golfing,100 wei,Instagram,500 wei,7900,400 wei,6,4,64d9018822e7e4b15221223b
2023-12-17 05:33:36,2023-12-19 11:44:27,0,24.163.25.212,53,195050,0,2023-12-26 11:44:35,R_1ZKv3RFJ5kJbknt,,,,,,,anonymous,EN,4,606604f1ca47696cf97529c0,1,0xd682cfeEbf2eE00F05DEc3a373aA68c0B3103bB4,4,F_3gYlYA9ES2bsgvf,metamaskbalance.jpg,145171,image/jpeg,gaming,youtube,50,,,,,,,,,,,606604f1ca47696cf97529c0
